{
  "outcome": "d_structural",
  "frac_cell_mean": 0.032127867126550004,
  "frac_cell_q025": 0.00398462925,
  "frac_cell_q975": 0.069191165,
  "ci_clean_positive": true,
  "passes_5pct": false,
  "frac_additive_mean": 0.040266697306499996,
  "sigma_y_mean": 0.9716922117500001,
  "sigma_cell_mean": 0.17525797308750002,
  "N": 1286,
  "S": 4,
  "B": 32,
  "C": 182
}