{
  "outcome": "d_structural_niche",
  "frac_cell_mean": 0.0387432737745885,
  "frac_cell_q025": 0.000426636075,
  "frac_cell_q975": 0.11261205,
  "ci_clean_positive": true,
  "passes_5pct": false,
  "frac_additive_mean": 0.0586204066984625,
  "sigma_y_mean": 0.9609966867499999,
  "sigma_cell_mean": 0.182421987598,
  "N": 499,
  "S": 4,
  "communities": 84,
  "C": 113
}